{"info":{"year":2024,"version":"1.0","description":"VIA project exported to COCO format using VGG Image Annotator (http://www.robots.ox.ac.uk/~vgg/software/via/)","contributor":"","url":"http://www.robots.ox.ac.uk/~vgg/software/via/","date_created":"Mon Apr 01 2024 10:01:24 GMT-0400 (Eastern Daylight Time)"},"images":[{"id":1,"width":1288,"height":1508,"file_name":"report1.png","license":0,"date_captured":""},{"id":2,"width":1492,"height":1622,"file_name":"report2.png","license":0,"date_captured":""},{"id":3,"width":1310,"height":1604,"file_name":"report3.png","license":0,"date_captured":""},{"id":4,"width":1246,"height":1478,"file_name":"report4.png","license":0,"date_captured":""},{"id":5,"width":1422,"height":1466,"file_name":"report5.png","license":0,"date_captured":""},{"id":6,"width":1368,"height":1552,"file_name":"report6.png","license":0,"date_captured":""},{"id":7,"width":1300,"height":1526,"file_name":"report7.png","license":0,"date_captured":""},{"id":8,"width":1292,"height":1504,"file_name":"report8.png","license":0,"date_captured":""},{"id":9,"width":1314,"height":1562,"file_name":"report9.png","license":0,"date_captured":""},{"id":10,"width":1320,"height":1612,"file_name":"report10.png","license":0,"date_captured":""}],"annotations":[{"segmentation":[[1026,1227,1239,1227,1239,1292,1026,1292]],"area":13845,"bbox":[1026,1227,213,65],"iscrowd":0,"id":1,"image_id":1,"category_id":1},{"segmentation":[[1105,1274,1318,1274,1318,1336,1105,1336]],"area":13206,"bbox":[1105,1274,213,62],"iscrowd":0,"id":2,"image_id":2,"category_id":1},{"segmentation":[[1048,1267,1306,1267,1306,1338,1048,1338]],"area":18318,"bbox":[1048,1267,258,71],"iscrowd":0,"id":3,"image_id":3,"category_id":1},{"segmentation":[[976,1232,1232,1232,1232,1302,976,1302]],"area":17920,"bbox":[976,1232,256,70],"iscrowd":0,"id":4,"image_id":4,"category_id":1},{"segmentation":[[968,1222,1219,1222,1219,1291,968,1291]],"area":17319,"bbox":[968,1222,251,69],"iscrowd":0,"id":5,"image_id":5,"category_id":1},{"segmentation":[[1085,1262,1298,1262,1298,1331,1085,1331]],"area":14697,"bbox":[1085,1262,213,69],"iscrowd":0,"id":6,"image_id":6,"category_id":1},{"segmentation":[[1004,1245,1257,1245,1257,1313,1004,1313]],"area":17204,"bbox":[1004,1245,253,68],"iscrowd":0,"id":7,"image_id":7,"category_id":1},{"segmentation":[[956,1234,1247,1234,1247,1300,956,1300]],"area":19206,"bbox":[956,1234,291,66],"iscrowd":0,"id":8,"image_id":8,"category_id":1},{"segmentation":[[1044,1243,1258,1243,1258,1313,1044,1313]],"area":14980,"bbox":[1044,1243,214,70],"iscrowd":0,"id":9,"image_id":9,"category_id":1},{"segmentation":[[1098,1271,1312,1271,1312,1332,1098,1332]],"area":13054,"bbox":[1098,1271,214,61],"iscrowd":0,"id":10,"image_id":10,"category_id":1}],"licenses":[{"id":0,"name":"Unknown License","url":""}],"categories":[{"supercategory":"category","id":1,"name":"Total"}]}